bit_index,mean_abs_shap
1160,0.023616005278551032
926,0.021409039609314243
896,0.01372195999299883
736,0.011580292709222274
1480,0.009215438275091293
1104,0.00866813446644079
1019,0.007740185306938298
184,0.007235062972205353
935,0.007189973750082805
1853,0.00712893053078208
1602,0.0068013233294179805
1199,0.006738899554894193
310,0.0063951590984644875
1535,0.006343218074969937
623,0.005791324277368653
389,0.005614103793572817
885,0.005267841414078632
191,0.005188869197595426
1911,0.005096835082195807
140,0.004988280832453325
589,0.004936587236090169
378,0.0046116128678707685
1842,0.0045321018845058195
1385,0.004467236474363313
1665,0.004448452786938745
695,0.004414632703864612
1325,0.004207942035325139
857,0.0041491398978016234
1607,0.0040714543016831676
322,0.003959995791722951
80,0.003941944668244313
117,0.003922995389954521
1563,0.0038711874136235906
1145,0.003793396667484395
1964,0.0036335473386682896
1451,0.0034901745828808213
2000,0.0031767805794263235
1082,0.0031328076282868046
1812,0.003121797732663814
1171,0.0029876632109235423
486,0.0029812454098823928
1517,0.0029755972149434406
1609,0.0029267309202321043
1840,0.0029221847200840752
1236,0.002897763567459878
954,0.0028853181534699407
1283,0.0028563727564989367
408,0.002781459605328254
1110,0.002779441322960494
180,0.002628660333304284
1088,0.0025782216047482136
638,0.002500055101289178
284,0.0024225285424628626
1855,0.002408486340630162
1057,0.002375747234729772
1293,0.002367469728187239
1724,0.0023417961545774955
1077,0.00223180268023672
1618,0.002226824103702407
1393,0.002224028648728373
1977,0.002171894080384973
1612,0.0021632218055732564
1745,0.002159047734431995
1047,0.002127631695617318
317,0.0021205151267812044
1901,0.002100604883231403
1060,0.002049772105805807
1114,0.0020494740115316336
1866,0.0019924622841383318
2016,0.0019557327689087925
323,0.0019464309728464669
1066,0.0019463735714727469
573,0.0019223655626535942
718,0.0018745235269513531
114,0.0018725445693986772
847,0.0018716717021132838
1816,0.0018111836641248487
745,0.0018074628293326944
1978,0.001791504119616215
1946,0.001774249351383603
1656,0.0017694557739333602
1919,0.001768236526890997
202,0.001759554923068414
1980,0.0017497706700349517
1262,0.0017472494266031762
1748,0.001714305687178047
216,0.0017128929378722824
1516,0.0017000592860482138
1758,0.001696065234009909
1697,0.001693060288874869
1747,0.0016883103139179883
1365,0.0016846864475346516
609,0.0016380501843594674
1985,0.00163114425752962
82,0.0016257596121647558
1102,0.001624223404184605
1254,0.0016237011321095993
395,0.0016149902903468602
147,0.0016086023051834974
981,0.0016038368681319808
984,0.0015659126790484356
843,0.0015540316346093082
905,0.0015166917470125294
107,0.0015035455126253278
672,0.0014738808854531044
1897,0.0014723641251196396
86,0.001445457513467061
1164,0.0014454550328594406
1039,0.0014275202509407134
1452,0.0014240047948303246
2028,0.001410897976974677
1,0.0014046767693929616
1152,0.0013933845818961375
1623,0.0013902019898540435
624,0.001378947352849435
897,0.0013712022344007275
490,0.0013668516283352273
1603,0.0013397870026877323
1308,0.0013376039718340225
269,0.0013326988836564993
1326,0.001311841708969456
703,0.0012925705351264827
1683,0.0012919013740294194
352,0.001289474623732081
1128,0.0012689470891140522
102,0.0012669827592219972
1935,0.0012308752507465624
1120,0.0012202358690343563
656,0.0012060234544631573
1179,0.0011856012237193958
1874,0.0011680183318384526
1212,0.0011643568886610168
461,0.0011633914590135409
366,0.00115758244157557
802,0.0011280640352834125
1143,0.0011268840903055828
2042,0.0011252652033671947
1928,0.00112114948378836
1914,0.001120328396497712
561,0.0011172817161255958
1454,0.001113710477249652
1871,0.001103857319806557
1754,0.0010869746956777308
667,0.0010759346846363927
1570,0.0010746956446614662
1006,0.001073014025529935
1453,0.0010649813166584584
380,0.001058027474130359
407,0.0010534111351991576
294,0.0010427469524591166
1597,0.0010372240174200294
848,0.0010371132392758575
361,0.0010358114622048514
1279,0.0010323974866966721
1443,0.0010301226930172203
1669,0.0010083447603834003
875,0.0010067287565356754
839,0.0010067024154250923
1201,0.0010048881838644402
254,0.0010018853885442793
233,0.000999194674221167
1511,0.0009676920738453432
1573,0.0009495788405792282
675,0.0009314273745305195
708,0.0009268434322940967
2004,0.0009231403136936867
1095,0.0009220862904494055
1046,0.0009173643291552411
1729,0.0009172016044665089
460,0.0009166577483087568
785,0.0009034720547189599
1991,0.0008979543352925369
84,0.0008765444356685308
974,0.0008672336523880211
404,0.0008562016397623404
385,0.0008536411887550419
314,0.0008502583036611622
1224,0.0008466671986598025
964,0.000845554743092456
1799,0.0008300106222965152
79,0.0008288555358473173
1406,0.0008242575482214282
1403,0.0008230502089674273
162,0.0008208645584853926
1670,0.0008128975389647429
1524,0.0008114704776525765
1099,0.0008076162520453074
715,0.0007946490921666591
1518,0.0007870765084921938
1586,0.0007863074239901934
1423,0.0007828234471194853
1335,0.0007805049206970586
1476,0.000778473992563467
1382,0.0007778089070380172
816,0.0007756399614699394
1917,0.0007744133014562677
456,0.0007718818026194095
504,0.0007638591534369078
950,0.0007557319893580441
464,0.0007546241494889406
350,0.0007510921564162114
1970,0.0007492439547777509
1719,0.0007480839365842123
883,0.0007456913462031582
1858,0.0007383278765410391
1026,0.0007349472509499422
158,0.0007343128038097892
1876,0.0007338072442418425
1509,0.0007336056916440355
1795,0.0007277155690139813
1391,0.0007238246663849683
978,0.0007236784719135388
55,0.000719129369021465
1698,0.0007179656423560356
983,0.0007176809396016858
1996,0.0007149487344346961
130,0.0007148489397224741
1761,0.0007147695332547895
255,0.0007093735431836098
1674,0.0007072060446812554
699,0.0007036724606105235
1281,0.000702428785716687
222,0.0007015320738984719
93,0.0006939318544113491
739,0.0006938973179294574
1722,0.0006936644599124971
2024,0.0006923308222827351
1692,0.0006897825870639575
138,0.0006894370540421771
145,0.0006852839642376618
74,0.0006829411008277783
570,0.0006779820539727403
29,0.0006768569519169286
197,0.0006682182035803269
305,0.000663487571944571
1394,0.0006509232574315133
335,0.0006493390807292041
1581,0.0006490881621575486
1410,0.000637732732753491
649,0.0006368867141587003
993,0.0006324324764737912
242,0.0006266955392944206
690,0.0006239260824437472
1028,0.0006144770954122098
1305,0.0006041907184327627
1013,0.0006037484453750778
396,0.0006015590970558534
1097,0.0005977748876516779
767,0.000596520702164316
1029,0.0005931474010467125
650,0.0005894376353693937
338,0.0005845555030695314
800,0.0005841015625188768
1790,0.0005837207881584477
1357,0.0005807105077840472
471,0.00057970405816393
1455,0.0005707879129945025
212,0.0005692814529434339
502,0.0005678167769671737
1777,0.0005660493119553347
689,0.0005654406705996314
1638,0.0005648360244417542
1296,0.0005636597152411418
618,0.0005574677138526543
34,0.0005548787503276074
1331,0.0005542533600595432
909,0.0005505052968159922
1488,0.0005503649691161762
2009,0.0005500838002786332
1999,0.0005475416910968783
714,0.0005468627848618129
1522,0.0005447136967950041
894,0.0005435343269348352
119,0.0005432055059764893
1313,0.0005400181648157987
807,0.0005365287145752874
784,0.0005364696010105137
433,0.0005362198716548913
478,0.000535951084047671
1430,0.0005309583069633543
562,0.0005300296861647464
1158,0.0005299966475025181
1959,0.0005296041906248209
1766,0.0005235707184854631
384,0.0005229175888879003
1746,0.0005214089512059158
654,0.0005198447212788604
806,0.0005192899419318924
1245,0.0005171785871368432
1760,0.0005165348180017626
1273,0.0005115729886279068
1916,0.0005106330303775152
1226,0.0005057642531445947
1564,0.0005046178937960864
1749,0.0005013989436671683
2021,0.0004973578002160327
41,0.0004946977930765715
1579,0.00048716004459413415
1180,0.00048670272501836765
1435,0.0004860615235634165
319,0.0004855767607364866
329,0.00048318469111903364
250,0.00048138070449100145
1664,0.0004797150405741071
1007,0.0004783421028664555
1384,0.00047569370884876827
859,0.0004703148920616457
786,0.0004691054334794767
293,0.00046117663023570964
1270,0.00045585962727094794
4,0.00045427287419852
237,0.0004526480821972461
694,0.000451830274567034
1431,0.0004498776587598261
1631,0.00044671639834030025
701,0.0004435588398828078
1449,0.00044299141768979356
1604,0.0004400570377884093
73,0.0004324858822184945
2010,0.0004316185171287276
728,0.0004266278331416499
182,0.00042617600800071566
214,0.0004260823257682522
706,0.00042406609208003084
1221,0.0004201973593301663
1147,0.00041803888269742635
1864,0.0004164464065000159
449,0.0004163583253615068
787,0.00041601311467157835
2041,0.00041356409071223595
1086,0.0004125345935373471
606,0.00041053632064689215
283,0.0004103652672195395
26,0.00040957497655182146
523,0.0004070394732474288
1501,0.00040489360612442504
994,0.00040454700563371995
1349,0.0004011613685371475
1956,0.0004008304527725621
1536,0.0003982454047822905
1765,0.00039773905094274436
881,0.00039167190576941787
552,0.0003897599928755111
1267,0.00038887359632037847
1582,0.0003875686891229317
1939,0.0003859954065626919
564,0.0003841445337152405
468,0.00038161233525592597
240,0.0003780655795404067
1677,0.0003739149162098635
419,0.00037290646799562223
165,0.000372308436375379
1646,0.000370019438551111
1808,0.0003694458323693118
391,0.0003689318919248465
1043,0.0003666630964671574
1637,0.00036406196710803845
7,0.0003580944563242781
1575,0.00035460114947018467
1715,0.00035308721732743277
383,0.00034872161413924556
1807,0.0003481693735450807
1075,0.0003475663865360224
1738,0.0003474216180667813
586,0.0003452098907920592
1822,0.00034440383903776056
1825,0.0003393660835667247
1663,0.00033578419895899825
1554,0.00033160865518216227
1904,0.00033126748782718045
432,0.000331089871781279
556,0.0003310236849398391
388,0.0003292535061569826
584,0.0003271259080950708
1093,0.00032693228140914934
1292,0.0003268572141577027
1373,0.0003266606862401731
820,0.00032556151484411296
615,0.0003243202948789598
825,0.00032263159424515545
1163,0.00032175441675237593
1879,0.00032120113615506613
1817,0.0003201988157853606
392,0.0003192164345536443
1049,0.0003108857720792202
724,0.000310362518294905
1238,0.00031011072664377385
660,0.00030978246098487363
193,0.0003064039842628777
1823,0.0003053888011528496
716,0.00030415507146213256
1671,0.0003026948959843091
780,0.0003019836822805185
1848,0.0003010758583849302
1136,0.0002972183666296809
285,0.0002933227177597619
1162,0.0002929324455648764
1376,0.0002920935129366414
455,0.0002893832134748095
774,0.00028713091525938437
1111,0.00028704018782482087
898,0.0002858047221748857
841,0.00028567673925732534
33,0.0002848330412790366
1701,0.0002841802868753741
1486,0.0002833413710241365
929,0.00028305906047372884
567,0.0002818705747215537
69,0.00028165746788386917
1693,0.00028079949855531095
833,0.00027895508079777873
68,0.000278545045045126
1961,0.0002781877564154321
257,0.0002778835622789945
1309,0.00027765434508814345
1932,0.00027753286635184805
311,0.0002763880955552905
1243,0.0002753231567758598
596,0.00027201972047274865
888,0.00027020461544056544
1225,0.0002697291788597854
1342,0.00026776584374085506
879,0.00026677914986903756
790,0.00026452035188056426
63,0.0002633018348895436
1937,0.0002630974598543025
97,0.0002611127766294233
186,0.00026062180702275515
1617,0.000259792760828037
501,0.00025859398507420027
58,0.0002548475529690285
1070,0.00025380128796819855
1982,0.00025337057525254096
1339,0.0002521491909768866
1803,0.0002516419663798844
1290,0.00025091412722546386
743,0.00025044149131161217
448,0.00025013459686401747
1791,0.00024997004550355906
781,0.00024935064191728144
582,0.00024727608467750025
863,0.000244941740746774
957,0.0002447557688865493
1092,0.00024347582860208757
354,0.00024283272533191433
1464,0.00024280702771577596
652,0.00024197783498794973
680,0.00023888267821090597
1726,0.00023727542579721485
447,0.0002361904531413561
686,0.0002355165770419487
218,0.00023528829229645129
913,0.00023524441104227984
1530,0.00023477829631038939
1496,0.00023419080793834807
1446,0.0002334078517880803
2,0.00023287935714606418
291,0.0002321930655518778
531,0.00023107468744979918
1763,0.0002300740099692638
1417,0.00022957546601612663
1253,0.00022865968355432112
1809,0.00022844006082131226
980,0.00022840648623587357
1101,0.00022828796925011106
415,0.00022730123093732445
876,0.00022698999011996023
526,0.00022553959934161187
451,0.00022553497247719583
2015,0.0002248689761050664
798,0.00022468105541159338
52,0.00022311185604295374
203,0.00022236680507251545
387,0.00022190188846842317
168,0.00022113217138230548
751,0.00021888476774397563
1141,0.00021845771095033972
818,0.0002182710608318119
530,0.00021782072609115183
90,0.00021771095123665422
43,0.00021747435927989473
1856,0.00021622343060516262
209,0.00021620629288306696
174,0.0002146738668940388
1457,0.0002139647055884633
770,0.00021330605588442268
1134,0.00021277881387281723
1717,0.00021236710448195586
1195,0.00021099418948001983
1958,0.00021079196433316152
1599,0.00021018620349059537
794,0.00020956233772341135
709,0.00020956158584023443
1353,0.00020909689193485557
167,0.00020873465207834114
2033,0.00020782476392387894
1984,0.00020742362855970272
1181,0.00020718355132198974
1778,0.00020679348159192797
345,0.00020648024288184445
374,0.00020609796261425375
1327,0.00020515565109555957
1578,0.00020441963857322068
592,0.00020368418229097448
871,0.00020346548238906243
1040,0.00020339239492487654
1470,0.00020084716175708053
640,0.0001978940075616873
1851,0.0001978227858582127
1972,0.0001962970854331299
835,0.00019525161268596386
1506,0.00019372273524865697
231,0.00019256511311049638
906,0.00019003840276040588
648,0.00018947140429723437
143,0.00018894465218636297
1405,0.00018856101330296362
1912,0.00018468706704800414
797,0.00018412231549618796
263,0.00018409611360777262
674,0.00018271586513288847
1125,0.0001786291319365074
1169,0.00017701300042438688
1317,0.00017621774484485785
1155,0.0001752135957214174
2007,0.00017497341775957442
987,0.0001749569783165161
764,0.00017491017624373973
1583,0.0001734950900795846
2017,0.0001731775896889037
1055,0.00017298910818761132
527,0.00017283022075670758
831,0.000172293309199949
1634,0.00017199622512991796
803,0.00017164385934630776
1184,0.00017143939660029973
668,0.0001695581376163162
1680,0.00016805718523054273
1260,0.00016731467633623968
1487,0.0001673026303902923
32,0.00016705992994047966
1307,0.00016673987174078302
1347,0.0001647558589859219
717,0.00016340039365908999
1004,0.00016278350611347847
907,0.0001627650081269183
1620,0.00016164754430803788
1805,0.00016136925344423323
901,0.00016037649373128128
1081,0.0001602876473247423
235,0.00015997019421485993
244,0.00015954141843187947
403,0.00015939854441047871
1655,0.00015936005948416292
895,0.00015912216260898204
364,0.00015902005966103106
316,0.00015834026181042743
758,0.00015820257624494605
1712,0.0001577024592994343
1567,0.00015766911829793407
18,0.00015681027987376347
1639,0.00015637887237313915
1950,0.00015609984272906146
1662,0.0001560404972238494
94,0.0001558413695316853
873,0.00015540814078177832
834,0.0001550488052956963
1611,0.00015504060523157675
696,0.00015500338603714482
1404,0.00015468159391977818
249,0.00015460107629720646
351,0.0001544087658558786
204,0.00015395550850692342
45,0.0001536239459366895
210,0.00015355042387189575
236,0.0001535307775713475
1354,0.00015188478610658453
307,0.00015187964078034738
277,0.00015144802246278016
1733,0.00014985449091567074
945,0.0001494801033076532
373,0.0001488264712799598
1447,0.0001478573343567622
289,0.00014773518856956791
264,0.00014709280775045296
1921,0.00014623288680756094
428,0.00014592897053493646
445,0.00014536022307763078
1439,0.0001449825481765578
809,0.0001446051806167339
744,0.0001444881692803949
298,0.0001436965220375791
817,0.0001431884639938284
607,0.0001431568119921479
1560,0.00014276521310004747
211,0.0001427339465406641
932,0.00014248790911783346
568,0.00014224754097669906
1416,0.00014210005005970878
1285,0.00014140771235245008
1645,0.00014039793593558346
608,0.00013975271948254734
1544,0.00013954953605009948
511,0.00013868719506309848
437,0.00013824547201852572
1666,0.00013824297260814266
1945,0.00013781506041662034
1971,0.00013759171005346964
369,0.00013729704381413053
14,0.0001371897838253081
1764,0.00013564989725658284
1737,0.00013549368029130372
1527,0.00013507185775690574
614,0.00013405054815704553
516,0.00013327264147529742
1779,0.00013324735297998906
1390,0.0001328552595475118
171,0.00013184602966521259
725,0.0001316486508089734
890,0.0001297474928385581
230,0.00012935898144480693
299,0.00012930610872280963
1750,0.00012894063856594838
113,0.00012852201884045055
572,0.0001282026941065725
24,0.0001281106260548985
228,0.0001275980902241779
1824,0.0001271861450051318
1200,0.0001264615184932693
1854,0.00012516745420391084
1054,0.00012508285255458898
851,0.00012480579560753983
1783,0.00012356928257771304
189,0.00012223292724485217
213,0.00012172694968467161
1768,0.00012153462512904504
116,0.0001211491510419838
917,0.00012000117696765458
27,0.00011927985576553806
555,0.00011913360330844556
1462,0.00011860911910061429
892,0.0001179561665655846
56,0.00011719735353458396
1087,0.00011695272344081341
814,0.00011689539381037155
463,0.00011602134512390514
92,0.00011594657637508757
401,0.0001150398181616015
1545,0.0001149741440571379
414,0.00011487847309162986
1940,0.00011367311020643336
435,0.00011239465436958535
1272,0.00011225466691074676
1786,0.00011209597605201199
2014,0.00011194330456239955
124,0.00011142181236833279
1366,0.0001107742548831492
931,0.00011070477280644575
1508,0.00011069543249546274
947,0.00011062234199967287
1058,0.00011012441285819238
1436,0.00010984281161051104
1887,0.0001095051099716034
1880,0.00010904770054341289
1661,0.00010891982586887229
554,0.00010854627597262653
713,0.00010847068463149746
1356,0.00010744970224894287
1203,0.00010743371823490879
541,0.00010740038469906427
1681,0.00010616084257286234
1641,0.00010544324839804012
1963,0.00010534961953171729
1252,0.00010529882915246561
266,0.00010454615010801768
838,0.00010437624614907671
1123,0.00010424735486349795
722,0.00010388212841549335
1718,0.00010364532259753622
1588,0.000103494474428789
1595,0.0001031776024328436
682,0.00010274883882904419
1032,0.00010266099023874359
795,0.00010244240892119312
575,0.00010167741464740759
813,0.00010143324304520206
1034,0.0001013614291331116
247,0.00010100280631084983
547,0.00010090946331756886
302,9.9852387814362e-05
975,9.928940480090313e-05
1027,9.892043639178825e-05
636,9.84696376968236e-05
1234,9.826193605564155e-05
1485,9.802117060296259e-05
2006,9.780537067768428e-05
1814,9.674494221307427e-05
40,9.60732658492245e-05
418,9.59882775475897e-05
1495,9.565503859020245e-05
1050,9.516012486586582e-05
1274,9.376558337242252e-05
344,9.364650363512108e-05
510,9.344004160468678e-05
1387,9.341438182730359e-05
170,9.318709860976182e-05
1009,9.302291649905786e-05
1333,9.302193326401406e-05
1920,9.253957582886334e-05
495,9.246238634533587e-05
995,9.240281409811812e-05
830,9.162629553912417e-05
1299,9.131580576459902e-05
60,9.122892473538003e-05
1119,9.12210420141193e-05
1894,9.114020781715187e-05
441,9.113940652609241e-05
1089,9.068576290372636e-05
1730,9.032944786990636e-05
1420,8.988616585092478e-05
1282,8.926854037747313e-05
1444,8.881403925481577e-05
1504,8.841332337644159e-05
1432,8.783400112055426e-05
265,8.765192817926856e-05
1063,8.742630950577672e-05
328,8.734930616532843e-05
198,8.731711619975218e-05
1872,8.698202192258949e-05
458,8.690931786885079e-05
845,8.679814759605539e-05
753,8.633825609578921e-05
1474,8.593795235412014e-05
173,8.592815104909043e-05
1542,8.584011107179005e-05
23,8.572043981801439e-05
151,8.568755537563228e-05
1676,8.50396878211672e-05
594,8.496401001990118e-05
535,8.488529479964352e-05
13,8.48064567185657e-05
336,8.44672988394552e-05
1705,8.406005837520322e-05
1736,8.405901395810345e-05
1892,8.370642636305435e-05
850,8.363201636843455e-05
1249,8.285599919361934e-05
591,8.280872608556091e-05
548,8.242653927189034e-05
1408,8.200868644511595e-05
1519,8.187585896757678e-05
878,8.167785295691094e-05
65,8.070453437316962e-05
1445,8.033193901643737e-05
325,8.029015101512616e-05
692,7.995599267896914e-05
961,7.981597826545269e-05
1284,7.933362480651895e-05
940,7.915570887249157e-05
1255,7.907596935280595e-05
9,7.851433947705291e-05
278,7.818273181742155e-05
479,7.802778767244169e-05
217,7.784932273706787e-05
1923,7.69020281383002e-05
1934,7.569956467531095e-05
610,7.549291562234621e-05
1924,7.545402795510248e-05
749,7.535356982256932e-05
832,7.532979807270883e-05
1187,7.454076162000034e-05
1138,7.433568217990955e-05
1998,7.35745950732553e-05
1214,7.347103212088896e-05
1440,7.33378396718234e-05
497,7.280310452828832e-05
1312,7.173791316463667e-05
1647,7.157921023347702e-05
446,7.138781860611101e-05
62,7.101582709987024e-05
1685,7.063309389366646e-05
1649,7.034938924408702e-05
1222,7.022215802894947e-05
1421,6.921015957449667e-05
106,6.91333085478436e-05
1532,6.863765659591952e-05
475,6.794465744529002e-05
710,6.766849518321436e-05
429,6.764735191792237e-05
910,6.762033292517532e-05
1752,6.721616500540206e-05
83,6.700532180781191e-05
637,6.549001331028966e-05
232,6.541469154347555e-05
1689,6.504138399130573e-05
288,6.499441609158834e-05
1929,6.487506495666563e-05
1085,6.440531767644818e-05
1994,6.424631210774643e-05
227,6.424392879529977e-05
1957,6.419089018595917e-05
1031,6.395681978700263e-05
1852,6.333555109461278e-05
1157,6.330891061885698e-05
1168,6.319485327167316e-05
472,6.312946622072846e-05
46,6.299360697429974e-05
1257,6.259192672942879e-05
1232,6.223317246223536e-05
937,6.167658310503947e-05
1113,6.158026684466036e-05
557,6.14693531758415e-05
525,6.144617773312872e-05
1861,6.134114859526814e-05
334,6.101656659195348e-05
155,6.0921120500408834e-05
1523,6.0477808472131876e-05
1018,6.045421552731567e-05
1025,6.045413329065958e-05
1678,5.955611102798138e-05
1205,5.939141642733809e-05
1539,5.903279870748765e-05
1328,5.8805795862255225e-05
489,5.871413709279872e-05
248,5.860274570505053e-05
453,5.8137204539795694e-05
1507,5.773734980012929e-05
1731,5.748864587073306e-05
1261,5.7444044974412216e-05
1118,5.72179337861111e-05
1208,5.682214113202811e-05
22,5.662361054206492e-05
1975,5.647483892030491e-05
1735,5.592057980894534e-05
1574,5.570682857953087e-05
39,5.45737295021856e-05
507,5.456806792407479e-05
1213,5.4438145986733095e-05
1135,5.4096211868644324e-05
1862,5.3234198012525185e-05
815,5.2436781076973306e-05
5,5.2240009155740254e-05
122,5.2065341043908856e-05
979,5.206526118733603e-05
621,5.1934110244844965e-05
1954,5.181490563297235e-05
808,5.1162620164803757e-05
1427,5.032955041911671e-05
104,5.0139199001226565e-05
1197,5.012780612674116e-05
54,4.9943894805024326e-05
1941,4.970192981520936e-05
1322,4.9663164457025874e-05
422,4.9620034034140024e-05
1885,4.961193965637538e-05
585,4.944878094310944e-05
192,4.943289379916067e-05
492,4.9382115981199467e-05
253,4.9162919618898225e-05
1538,4.915781224583647e-05
925,4.904781070572053e-05
66,4.897504104845103e-05
363,4.880144057873769e-05
598,4.843467559254958e-05
1782,4.8414390964829536e-05
1369,4.829879834501274e-05
8,4.818090681123421e-05
855,4.81483761246553e-05
1329,4.8066126191263314e-05
25,4.780984174130306e-05
1259,4.771034143589854e-05
1551,4.711157233928899e-05
1024,4.688151711980076e-05
1691,4.666510210601341e-05
1626,4.644114862192895e-05
357,4.6069439680112796e-05
59,4.597871847132454e-05
295,4.5900806948200485e-05
251,4.5881549071429006e-05
1422,4.5401217852612816e-05
747,4.50724476835664e-05
880,4.496618274292586e-05
829,4.48953306052e-05
1220,4.4867007173590026e-05
1734,4.460830969525127e-05
2030,4.4456059181635906e-05
484,4.445055122708703e-05
339,4.439687967700116e-05
1990,4.4287087486641444e-05
1140,4.42695361164856e-05
473,4.420074676616175e-05
1465,4.416767028354627e-05
642,4.415435346616565e-05
1771,4.415161364246681e-05
381,4.414507051700786e-05
286,4.3707067368164405e-05
720,4.340037155992282e-05
1784,4.314180917413797e-05
1828,4.313167894348966e-05
1227,4.289997807594217e-05
603,4.271078163988479e-05
952,4.254526943506592e-05
698,4.254311234577149e-05
1352,4.222141423675672e-05
493,4.2145886736146096e-05
769,4.2102038296166745e-05
1727,4.1616131310222694e-05
1209,4.1542838955861484e-05
1173,4.143240582516913e-05
1832,4.1411183479386165e-05
1762,4.112890919340065e-05
595,4.1084163607220316e-05
687,4.1059463317495705e-05
409,4.077337710944294e-05
1275,4.075930151854032e-05
1011,4.056697538554077e-05
1142,4.0436750221399635e-05
398,4.012116841869504e-05
900,3.990019686444412e-05
42,3.965370878825454e-05
1402,3.964364788548342e-05
160,3.961272008687696e-05
671,3.9610564540090716e-05
2031,3.9542550080050495e-05
1986,3.9433628061692565e-05
915,3.942782542766559e-05
1017,3.934635345340935e-05
1804,3.9019243659642735e-05
412,3.8926057313104966e-05
1951,3.8706312480052594e-05
125,3.866001215322329e-05
1045,3.8604274819704494e-05
600,3.8579358691858636e-05
1792,3.7053907425741094e-05
1514,3.6947709385559426e-05
1632,3.6800920207095486e-05
1903,3.673696636345697e-05
1696,3.666949575072016e-05
1989,3.66421575097705e-05
1276,3.645736845850312e-05
590,3.638149633369644e-05
1556,3.6346228909418954e-05
121,3.617161730196445e-05
238,3.607509038859006e-05
397,3.607148826243856e-05
443,3.586093990168789e-05
309,3.564909998005105e-05
1233,3.540806065736236e-05
215,3.540646564875889e-05
1915,3.5061892803796186e-05
377,3.497867410260474e-05
967,3.494975170250271e-05
719,3.485267394079199e-05
1624,3.4732082908275425e-05
503,3.4662715334166977e-05
666,3.4633251388922705e-05
684,3.4592402720158806e-05
115,3.4391675275968975e-05
1587,3.433444512263726e-05
1520,3.432224841344255e-05
142,3.4223940902961935e-05
1844,3.417923423646186e-05
2034,3.407745570873847e-05
245,3.401481623652125e-05
1543,3.4004068428788774e-05
865,3.380943108381626e-05
1295,3.377493303248e-05
646,3.372782237050899e-05
914,3.3524000388122585e-05
1323,3.3375258278083875e-05
430,3.3193247521767384e-05
508,3.3178333239301686e-05
1386,3.3112274144138e-05
665,3.2873361282862115e-05
828,3.2728118587699674e-05
1105,3.254720158927956e-05
207,3.20197797687451e-05
1500,3.1906794353544215e-05
1667,3.138629099285291e-05
1064,3.10887491157044e-05
1188,3.0808665140579456e-05
1343,3.051472081884947e-05
1837,3.049036174631863e-05
956,3.0120581142419766e-05
1344,2.978098661405747e-05
50,2.973518410036167e-05
893,2.971493378514686e-05
960,2.9702928210682657e-05
223,2.961614073626144e-05
729,2.9372576306409017e-05
1362,2.9336439114794627e-05
955,2.9265826362074406e-05
560,2.9070221961254794e-05
1592,2.903935525064123e-05
918,2.879693539743082e-05
1415,2.876203017703896e-05
858,2.871115509732374e-05
1494,2.8418661495726415e-05
1182,2.8359968266603056e-05
766,2.81046540671935e-05
730,2.8087412021018368e-05
1922,2.8039123313562293e-05
750,2.795827114405779e-05
172,2.7683774344432226e-05
1648,2.7659163595062075e-05
1512,2.7437866352342366e-05
1287,2.7342043059685554e-05
1594,2.727480908774164e-05
1905,2.7222110997957687e-05
2032,2.718263952623052e-05
799,2.7062076774101378e-05
772,2.7055337645938363e-05
1264,2.6966200882066006e-05
219,2.6561177545735575e-05
1682,2.6411006063447252e-05
546,2.6410589588285196e-05
512,2.6395957517079725e-05
1616,2.62850347950879e-05
426,2.6276552444432784e-05
943,2.6266924311190113e-05
1596,2.617747362195974e-05
1565,2.6079591577843876e-05
1153,2.5931234243611514e-05
1847,2.5926808474792283e-05
1769,2.5785621288382704e-05
1884,2.560509598605224e-05
1005,2.5583959912323557e-05
280,2.5553559225121686e-05
754,2.5500577367406224e-05
1062,2.52291645256754e-05
1014,2.5216424838171174e-05
1242,2.4935848671868493e-05
1375,2.4773071207021516e-05
1149,2.468472431452162e-05
1126,2.468018627887281e-05
1708,2.4575797579067093e-05
394,2.4392528324822062e-05
195,2.4373364171100643e-05
1802,2.434615829130246e-05
341,2.4320075947788973e-05
1781,2.426153083338727e-05
1459,2.424407995703128e-05
1244,2.4174601432682695e-05
837,2.4146566951518124e-05
105,2.4062484122905384e-05
927,2.3642061311680876e-05
930,2.361340001348017e-05
693,2.3592129667773427e-05
1154,2.347481489953048e-05
514,2.3450129588486515e-05
1301,2.288129397554618e-05
1256,2.287640446878249e-05
819,2.2830070867867835e-05
67,2.2619917735242233e-05
315,2.2529111544256678e-05
658,2.2457431210885906e-05
470,2.2342618348303886e-05
521,2.2323414519155386e-05
296,2.212843225520157e-05
634,2.2058738158641854e-05
1619,2.2019848988054138e-05
400,2.191877675882073e-05
480,2.190776773579654e-05
267,2.1834044833995414e-05
1300,2.1825118710264273e-05
685,2.1779550939512357e-05
2036,2.175425057940148e-05
644,2.1714890581291973e-05
1291,2.1677313633490424e-05
1230,2.1667580957939248e-05
1644,2.1666342332763068e-05
1468,2.1420287429565712e-05
272,2.135335304795824e-05
757,2.1154037349767262e-05
256,2.114872611408639e-05
146,2.109234558085627e-05
301,2.082026738825715e-05
849,2.0742743095265313e-05
1189,2.0702709215783787e-05
141,2.069703994094252e-05
271,2.06407361280895e-05
872,2.0597158040887885e-05
992,2.0251980843017087e-05
1910,2.021962451828912e-05
1345,2.0097817711033743e-05
1167,2.007508174717305e-05
469,2.0058349616184575e-05
362,2.003656435463039e-05
836,2.00176672635317e-05
891,1.9406117423427613e-05
1547,1.9359545966591464e-05
1481,1.923973242862434e-05
721,1.9172270731134853e-05
1845,1.9144681351466667e-05
482,1.9068611238587168e-05
281,1.8999603161400754e-05
355,1.8976747106944174e-05
1859,1.8753038305813784e-05
1133,1.8642181472736817e-05
376,1.854930056566905e-05
1815,1.8484395887161355e-05
239,1.8478546949298195e-05
1561,1.845478585216138e-05
1849,1.8377307948065726e-05
805,1.8371938750658955e-05
1266,1.8245351811084553e-05
1979,1.822634030272551e-05
1303,1.8135980124401953e-05
1237,1.8119293378630618e-05
558,1.804768084383184e-05
977,1.802944992710111e-05
1475,1.8024655955802675e-05
2037,1.797706508527885e-05
2020,1.7974284975804118e-05
111,1.7889711469508424e-05
70,1.7860750621814493e-05
270,1.7857237940027428e-05
1636,1.785447771897518e-05
752,1.7807685276378405e-05
100,1.7738041685640767e-05
1396,1.770236469401496e-05
1433,1.769223676340938e-05
846,1.768908929359893e-05
522,1.7643681910958903e-05
1091,1.763138801593564e-05
166,1.754854875377483e-05
788,1.742666599145215e-05
1211,1.7373748752700654e-05
2035,1.7372244606604075e-05
576,1.7220290878781288e-05
379,1.716061549853526e-05
711,1.7153713939425834e-05
1510,1.6991097480368935e-05
1741,1.6847746212320708e-05
569,1.6843767669304648e-05
583,1.680592246599672e-05
1898,1.678898040043449e-05
1065,1.6551320313214203e-05
95,1.6324823568615135e-05
487,1.6318920611780238e-05
175,1.6258329546505027e-05
1797,1.6119378017552278e-05
273,1.5918247197922487e-05
2043,1.5702373196727563e-05
64,1.545969939642251e-05
1633,1.5447621586110406e-05
496,1.54018982228312e-05
588,1.5313811838866163e-05
617,1.5273155910191808e-05
1346,1.5219467882349041e-05
677,1.5156152213981483e-05
1314,1.504896651611359e-05
1767,1.503895617289451e-05
911,1.501295230510651e-05
1704,1.4977696350080148e-05
120,1.4965186563552067e-05
1115,1.4868624099341421e-05
998,1.4793828904844686e-05
1280,1.472953491452383e-05
593,1.4724976073228483e-05
524,1.4685389399675457e-05
1629,1.46679630100126e-05
630,1.4547560561372975e-05
1801,1.4490855429196625e-05
1469,1.4449067230973615e-05
1056,1.4379670130261397e-05
1409,1.4339216161697648e-05
1338,1.4321969657812708e-05
1590,1.4297016612345377e-05
1336,1.4292748665779837e-05
661,1.4282762437065976e-05
1831,1.4268700267331814e-05
622,1.4263428825497099e-05
1835,1.4199551502641992e-05
53,1.4155837405546397e-05
157,1.4144595160116872e-05
2025,1.395534514825056e-05
19,1.3889227203162068e-05
1947,1.3885258680021344e-05
916,1.387155311768776e-05
854,1.3826866798217163e-05
840,1.3740485593319887e-05
1351,1.3677608948736081e-05
1888,1.3632298202162927e-05
976,1.3622506383510147e-05
1630,1.36027851216669e-05
688,1.3595843013690962e-05
149,1.3390983705602436e-05
252,1.3382744717451528e-05
944,1.3348438011311371e-05
1321,1.3319991289208634e-05
611,1.3312003566738973e-05
1073,1.3247958957372103e-05
544,1.3206534552941266e-05
1628,1.3148281350606265e-05
936,1.307438008959333e-05
1107,1.2947750098069183e-05
1083,1.2911414579436221e-05
2044,1.2736238065481448e-05
1528,1.2632627641892944e-05
870,1.2303427233763953e-05
1250,1.2301809522304045e-05
628,1.2291006791162022e-05
1456,1.2261240008029987e-05
321,1.2247426156860277e-05
970,1.2233962509257127e-05
1096,1.2191859818365917e-05
406,1.2131624563829136e-05
1441,1.2086304893648788e-05
87,1.2073734889722973e-05
81,1.2060475041083514e-05
1471,1.1963760585809173e-05
632,1.1940547892703458e-05
1962,1.179098047354299e-05
587,1.1700529055264353e-05
1332,1.1698467652717041e-05
1997,1.1656554478421043e-05
241,1.1629604799183435e-05
101,1.1550704875424997e-05
1318,1.1549185951748305e-05
613,1.1499043744616693e-05
760,1.1386449246224723e-05
942,1.1222299434292447e-05
1948,1.118463599711803e-05
811,1.1010039937808138e-05
1146,1.0998292782168529e-05
1311,1.0985481218384387e-05
194,1.0942572314276955e-05
1659,1.0934352557419362e-05
112,1.0890018221817639e-05
190,1.0881716174707732e-05
333,1.0834050495009317e-05
1368,1.0770604482733046e-05
1247,1.0756558421788255e-05
1800,1.075497956769241e-05
1503,1.0744893639256912e-05
999,1.0648339400587942e-05
1944,1.0587968704611892e-05
135,1.0531363681335394e-05
1277,1.0514096042576181e-05
1401,1.0474849628653895e-05
1084,1.0469643296700545e-05
1370,1.0408574246126378e-05
2001,1.0335869958124138e-05
986,1.0166209329023876e-05
282,1.0125927424853254e-05
109,1.0103885200629883e-05
349,1.0083127069331465e-05
1000,1.0069817400870226e-05
559,9.975617420954947e-06
1302,9.900315509558643e-06
11,9.843370058440272e-06
1235,9.83997523214697e-06
635,9.758434113478931e-06
1482,9.751775307870993e-06
159,9.668769956171516e-06
1694,9.664274497121621e-06
347,9.65099796525126e-06
826,9.605732474361201e-06
691,9.584131364095129e-06
997,9.55344271254264e-06
1286,9.530259667309651e-06
1334,9.516236601682225e-06
1938,9.458611486434169e-06
1202,9.434445263406974e-06
1759,9.419280968970835e-06
154,9.360546306849527e-06
229,9.346055304897868e-06
1709,9.343721427847313e-06
1074,9.330289441968969e-06
1021,9.31545549658693e-06
163,9.304445604001578e-06
533,9.288481053544475e-06
1010,9.2827956525421e-06
1035,9.252932188070449e-06
1239,9.238959929491995e-06
1053,9.21912713797743e-06
1566,9.218180102810177e-06
738,9.196901934469822e-06
1883,9.192390538320043e-06
1714,9.138078711675034e-06
499,9.076775848904572e-06
262,9.040895869846904e-06
1174,8.985550907776654e-06
1572,8.96566029310547e-06
199,8.836029443603285e-06
6,8.815476046161068e-06
963,8.712854005667965e-06
655,8.672844134771024e-06
742,8.665013374213286e-06
823,8.659310481270217e-06
1348,8.533025493386849e-06
853,8.511065413394348e-06
1207,8.505467889605787e-06
1834,8.492234211713044e-06
327,8.395238883316e-06
2029,8.380113219902674e-06
1846,8.346731059458639e-06
989,8.320718950415156e-06
534,8.241910663995716e-06
1191,8.232030899344115e-06
938,8.156355904200775e-06
1458,8.149397683561276e-06
1071,8.145590443593433e-06
771,8.139202123367339e-06
1156,8.109164632453493e-06
1051,8.10767114304113e-06
297,8.097217263819468e-06
1383,8.092828471561194e-06
1477,8.071879774155436e-06
1679,8.058107250758042e-06
2045,8.051514157126608e-06
1194,8.013617266981567e-06
765,8.003779568118752e-06
2026,7.970638250536554e-06
1521,7.967412945138265e-06
1652,7.963249081025043e-06
2046,7.954634156555127e-06
1881,7.873930392461725e-06
2013,7.835953617915121e-06
740,7.76362072507813e-06
1442,7.743629906713116e-06
1340,7.732168634932126e-06
581,7.698575044419683e-06
1246,7.689277761871035e-06
1927,7.684398600185136e-06
1969,7.67014145475313e-06
1993,7.649811964151287e-06
71,7.641681022634704e-06
1294,7.624210262061471e-06
57,7.617016512295339e-06
1395,7.610554990472925e-06
515,7.558602888260946e-06
1926,7.548215623123944e-06
645,7.546753354163649e-06
279,7.52037598522651e-06
108,7.5115290876902295e-06
1614,7.455097759876915e-06
919,7.432460937653042e-06
1953,7.406456290023298e-06
2039,7.388833523674598e-06
2008,7.354372564184716e-06
246,7.291341715546291e-06
110,7.275992649632433e-06
467,7.258274758331183e-06
1723,7.253340694440778e-06
1699,7.2022983219123805e-06
128,7.167355613661723e-06
1129,7.157762819916133e-06
1675,7.147749844070395e-06
1918,7.135355568674546e-06
371,7.1221621985779e-06
462,7.118990536551545e-06
1540,7.117174813538421e-06
676,7.10330250434091e-06
928,7.1030237154648705e-06
485,7.0788167280682e-06
1400,7.056870351090113e-06
639,6.99842468343771e-06
1893,6.969412017602787e-06
1448,6.921655829717133e-06
1608,6.911275493231199e-06
827,6.834009043269948e-06
436,6.823963837938186e-06
1052,6.816408975002398e-06
1598,6.744931591787434e-06
37,6.72411121556736e-06
540,6.685403552050286e-06
491,6.672072032106491e-06
359,6.633419951788764e-06
982,6.631623723457842e-06
1374,6.58178045368634e-06
399,6.581452458484577e-06
234,6.475600795209469e-06
2005,6.4449960392696214e-06
762,6.442169052726518e-06
261,6.427956597141286e-06
867,6.427683028885476e-06
1873,6.424558257596962e-06
933,6.421894278684117e-06
260,6.421588807513404e-06
616,6.4065407101469095e-06
679,6.355816953798766e-06
777,6.32541453651455e-06
759,6.303977353364413e-06
517,6.279829168273178e-06
2019,6.2732321437245644e-06
1030,6.247888126781011e-06
1992,6.2452091355789205e-06
1821,6.218569646867574e-06
118,6.2014905332987605e-06
1789,6.1873385279042675e-06
1048,6.132687016387851e-06
313,6.106924586531524e-06
330,6.1041892575580315e-06
620,6.079358101152542e-06
1251,6.067737087659288e-06
450,6.066855555497224e-06
1090,6.063160230644658e-06
889,6.023122460523862e-06
1472,6.002788966360107e-06
1650,6.000917788335426e-06
405,5.985735601015506e-06
1037,5.9126377909704575e-06
474,5.896720811857782e-06
1788,5.837947951042384e-06
1068,5.820037128307493e-06
700,5.803967149780959e-06
1324,5.787792748703124e-06
1605,5.7799928819031485e-06
631,5.7210973733013615e-06
169,5.694866709789422e-06
178,5.669607066503694e-06
629,5.653341174834066e-06
509,5.607928822204913e-06
1183,5.58366128815409e-06
1973,5.5718435211135985e-06
133,5.548959840460798e-06
1668,5.512485249537265e-06
1955,5.485300659570148e-06
1248,5.481672559518963e-06
1109,5.443537759433535e-06
440,5.423262814834698e-06
164,5.409087227738676e-06
410,5.4060861089832475e-06
346,5.371670750092658e-06
953,5.361267242152119e-06
1863,5.357282767168119e-06
1529,5.350835713247734e-06
442,5.3333014708644995e-06
1360,5.324533935589456e-06
38,5.311955225822011e-06
921,5.270033911963094e-06
1810,5.265732297561686e-06
1398,5.250824055638158e-06
920,5.218034173204275e-06
49,5.212221914755314e-06
1176,5.165214296921334e-06
340,5.136858792581808e-06
653,5.128799973662967e-06
599,5.1267682585205064e-06
221,5.12465435703364e-06
75,5.094358560767588e-06
1131,5.09329827201246e-06
626,5.0875589836840665e-06
1489,5.0784046321891656e-06
973,5.018781076220978e-06
303,5.010551329324201e-06
579,5.00615528804401e-06
274,4.988191190956234e-06
1908,4.981754078160126e-06
796,4.979060256171454e-06
488,4.959256228566929e-06
483,4.9385382757022965e-06
1925,4.927590101961096e-06
226,4.913917137682686e-06
1072,4.901228489584399e-06
1981,4.833984088878957e-06
755,4.821879469996705e-06
1124,4.789946850373544e-06
1218,4.7828691715993364e-06
153,4.7794138029837985e-06
99,4.751005240845705e-06
292,4.746733811342931e-06
1379,4.7391133934059954e-06
200,4.731772562170596e-06
1015,4.667422056151985e-06
971,4.640279209766607e-06
1580,4.587164984600505e-06
185,4.5505533219628635e-06
332,4.483083836955708e-06
1177,4.440845078492043e-06
76,4.356376329659735e-06
126,4.311718599549148e-06
348,4.307958260586879e-06
673,4.281427750223601e-06
866,4.278331081928633e-06
1080,4.271976437880583e-06
1695,4.267495024461313e-06
51,4.226840498709666e-06
597,4.215174521104651e-06
549,4.2117041740606145e-06
390,4.184115648452053e-06
1204,4.147880225076571e-06
96,4.145016972934535e-06
574,4.1243508945838994e-06
1706,4.124265149489538e-06
887,4.122164640787876e-06
132,4.106580793951232e-06
1193,4.091094280540469e-06
1826,4.078014413446438e-06
1288,4.061762798734437e-06
1479,4.048032514133631e-06
1721,4.0267099843999145e-06
1635,3.978801496429159e-06
1363,3.971143105813225e-06
1359,3.941709733953513e-06
1388,3.9282760118750135e-06
990,3.9253425954126405e-06
874,3.881551266479477e-06
793,3.852648156668428e-06
912,3.8438445593870796e-06
641,3.8141816222978975e-06
1960,3.8123604628604593e-06
342,3.808073655082538e-06
1541,3.803946303995874e-06
1161,3.7256258163931847e-06
206,3.720055557664371e-06
1033,3.718935686888526e-06
48,3.671530174391276e-06
1794,3.6437119733966745e-06
860,3.6436592106058945e-06
1942,3.6434696618378904e-06
1531,3.628009760098944e-06
129,3.6011744794524996e-06
1036,3.5595384720211917e-06
1525,3.5546789339260897e-06
1865,3.5522709556931563e-06
3,3.5513780678518434e-06
1548,3.5444966746722393e-06
1170,3.5170994370611026e-06
1839,3.5041946112229483e-06
1151,3.500397145576582e-06
268,3.486580005132297e-06
1121,3.480255626009002e-06
1936,3.4732647207687156e-06
922,3.462548714577435e-06
1418,3.433969944525784e-06
1460,3.422167567033509e-06
1117,3.4209717704913137e-06
365,3.4155037357602356e-06
1966,3.4092091884062258e-06
1139,3.3958669363533625e-06
1700,3.3950847614709618e-06
367,3.3612205066364527e-06
481,3.356675937761623e-06
1413,3.340359637443518e-06
1042,3.332043062920791e-06
1642,3.3126067132040138e-06
1913,3.307853038394158e-06
804,3.3021230006857694e-06
577,3.296303112568819e-06
17,3.2951710594408827e-06
47,3.2880187358052077e-06
726,3.239906278475274e-06
506,3.23228490169997e-06
466,3.218088707826503e-06
1192,3.209234030051752e-06
1653,3.139731536194391e-06
959,3.1054930393260556e-06
1606,3.0821055059861366e-06
1172,3.0481215470629134e-06
1952,2.99456103608841e-06
1965,2.9745037830224226e-06
1350,2.968070886051143e-06
1526,2.9478850881713402e-06
457,2.945802538133371e-06
801,2.9455442050576984e-06
821,2.9448334178926306e-06
763,2.943763545519386e-06
882,2.9302404285245214e-06
1931,2.9268971645271312e-06
500,2.9266456155943825e-06
1381,2.915430445944541e-06
732,2.9076467866750298e-06
1498,2.8703535842457067e-06
77,2.8666964494056718e-06
1757,2.86250090688767e-06
312,2.859347525202332e-06
1593,2.8552263813630147e-06
1622,2.855129894577203e-06
1756,2.8031339426868772e-06
1228,2.7988582098940927e-06
735,2.7759361038342086e-06
1755,2.7680228132658443e-06
707,2.757678214113757e-06
35,2.737958450247598e-06
1780,2.7238310362410944e-06
678,2.72167255891062e-06
1502,2.705714108909288e-06
1137,2.6757134478961675e-06
1610,2.62761546982008e-06
908,2.6260269707787195e-06
768,2.609082147774841e-06
1537,2.6062463533896255e-06
225,2.596348421018672e-06
1378,2.5879951966442282e-06
16,2.57992963249566e-06
1429,2.5711941039227504e-06
723,2.5551515176850878e-06
0,2.5385920165650713e-06
1148,2.535239767608821e-06
1150,2.5237430799384377e-06
1773,2.507580629079082e-06
539,2.497961694745246e-06
372,2.490365465709846e-06
1571,2.4772859732626237e-06
669,2.452790880978404e-06
924,2.4335299702272045e-06
1178,2.4272221591983347e-06
1589,2.4039584333907673e-06
439,2.3901066004042524e-06
1743,2.3315971254460568e-06
1687,2.3243051148804235e-06
1552,2.2977565122775956e-06
1806,2.2770310522242473e-06
1654,2.265587243957072e-06
1316,2.2602042974939733e-06
1020,2.2506204439812663e-06
643,2.2484013730791986e-06
2022,2.244300939869314e-06
1434,2.2180293842669827e-06
1265,2.214482941776447e-06
513,2.2110867745207148e-06
868,2.2081495291094744e-06
2018,2.205366433138211e-06
536,2.1983905906844564e-06
664,2.1983739668480983e-06
1568,2.1730379474119154e-06
941,2.169504027579139e-06
1686,2.149745150480498e-06
1463,2.147179895986381e-06
318,2.1360988338774487e-06
1069,2.129038517801695e-06
1098,2.105196241150348e-06
886,2.0978472758603815e-06
1569,2.0963282301678695e-06
78,2.0960002115919222e-06
1728,2.094857735737108e-06
1774,2.066519134682416e-06
1426,2.051118648309878e-06
1557,2.0371951540001065e-06
1830,2.030465194574203e-06
20,2.018949105759588e-06
177,2.015210795517113e-06
1710,1.990669565949471e-06
131,1.987369431422501e-06
571,1.983915027355014e-06
424,1.971054316163458e-06
1899,1.963112568583535e-06
2038,1.957173193463695e-06
1988,1.9563687090393814e-06
779,1.9547110796335474e-06
1625,1.9466962531719365e-06
712,1.9368050084551936e-06
1882,1.928182303773695e-06
704,1.9157797128560416e-06
382,1.9005122865044074e-06
965,1.8884319791756694e-06
528,1.8495645214937105e-06
605,1.8327464843715026e-06
1484,1.8318562674796363e-06
532,1.820512996326032e-06
1377,1.8146875176654686e-06
520,1.813743656095014e-06
1827,1.812316048582201e-06
1513,1.79459116567374e-06
939,1.7860700296342318e-06
1389,1.7700071103568657e-06
822,1.767244165624403e-06
1210,1.7461350421149474e-06
1811,1.7438935099141637e-06
1601,1.736754695917554e-06
360,1.7365341764887798e-06
731,1.7352447009966605e-06
1231,1.7247994768691566e-06
1038,1.6607856907033489e-06
1361,1.6525066449800311e-06
1651,1.6510154338723655e-06
1867,1.6402722634467161e-06
275,1.6339235033640348e-06
187,1.6169922368321077e-06
1450,1.6094171480043247e-06
1591,1.585777148570467e-06
1298,1.585616223959018e-06
1001,1.573887223902959e-06
842,1.5680748748013675e-06
619,1.56671842264804e-06
1425,1.540318056502564e-06
1419,1.536566406538122e-06
196,1.5244485138345158e-06
663,1.5164135750390038e-06
452,1.481948079336326e-06
1130,1.4647264311043259e-06
1534,1.4604434204182066e-06
356,1.449043613017037e-06
1165,1.4329386770256747e-06
923,1.4290751580941093e-06
31,1.4286643485697561e-06
61,1.4276993825163597e-06
2027,1.4234707748550966e-06
123,1.4129660119092195e-06
144,1.4129622201803505e-06
1023,1.4069988819676446e-06
1878,1.398399850007856e-06
1860,1.387219546045329e-06
1613,1.3767968381527229e-06
1059,1.3556378556261515e-06
1371,1.3480842164123481e-06
343,1.348052125823901e-06
1304,1.3360969533276328e-06
681,1.3187287222625925e-06
431,1.303688070073917e-06
1268,1.3022112509695818e-06
810,1.2428467374652227e-06
148,1.229296663123489e-06
459,1.2271925420431948e-06
21,1.2243080327014322e-06
1900,1.1885556442833124e-06
948,1.1841769753236956e-06
1983,1.1824630682447345e-06
1813,1.1823433571974145e-06
565,1.179669590761671e-06
454,1.1784766599164972e-06
1640,1.175906829766516e-06
370,1.1536057426519762e-06
2040,1.1535461762928151e-06
962,1.1143913172843824e-06
1269,1.0910661293965966e-06
134,1.0800919767333534e-06
1190,1.0769334929485974e-06
1166,1.075542085292562e-06
1078,1.0695852500982312e-06
1478,1.0592316037489981e-06
734,1.0539085127931809e-06
161,1.048433849566819e-06
2047,1.0475278750472483e-06
791,1.0273324544484547e-06
28,1.0165470392763057e-06
1658,1.0006307815758951e-06
1490,9.9311465266118e-07
903,9.776176177679135e-07
331,9.749029299608559e-07
1836,9.712353206015542e-07
1657,9.65666526447901e-07
1515,9.574023608557633e-07
1943,9.503421040395208e-07
287,9.249050656589604e-07
1716,9.238066616963027e-07
741,8.667153405694785e-07
1399,8.568179446723647e-07
1833,8.233823378078365e-07
545,8.115035641713399e-07
792,7.99428221176405e-07
1933,6.940699161250268e-07
864,6.883282589598238e-07
1643,6.880510836007399e-07
1550,6.791518370137602e-07
1533,6.077680690434277e-07
1725,6.046824097019455e-07
1008,5.629234231556266e-07
538,5.437143904592373e-07
1424,5.257900260400082e-07
1289,5.235051533934625e-07
306,5.205595618450934e-07
651,4.6134043978254195e-07
1798,4.013697620508621e-07
996,3.552766252711929e-07
1116,3.336380029699501e-07
1330,3.1203614040095465e-07
1555,2.936990181380906e-07
127,1.2335377587037695e-07
1438,0.0
434,0.0
386,0.0
1467,0.0
393,0.0
402,0.0
427,0.0
1473,0.0
425,0.0
1461,0.0
1466,0.0
423,0.0
421,0.0
438,0.0
1949,0.0
417,0.0
411,0.0
375,0.0
416,0.0
413,0.0
420,0.0
477,0.0
1437,0.0
1906,0.0
543,0.0
550,0.0
551,0.0
1909,0.0
553,0.0
1907,0.0
563,0.0
1397,0.0
1392,0.0
566,0.0
1902,0.0
1380,0.0
578,0.0
580,0.0
542,0.0
537,0.0
444,0.0
498,0.0
1428,0.0
465,0.0
476,0.0
1930,0.0
1483,0.0
494,0.0
505,0.0
1407,0.0
1414,0.0
518,0.0
519,0.0
1412,0.0
1411,0.0
529,0.0
368,0.0
326,0.0
358,0.0
91,0.0
98,0.0
103,0.0
2023,0.0
1553,0.0
1549,0.0
1546,0.0
136,0.0
137,0.0
139,0.0
1615,0.0
2012,0.0
2011,0.0
150,0.0
152,0.0
156,0.0
1558,0.0
89,0.0
1505,0.0
88,0.0
10,0.0
12,0.0
15,0.0
1585,0.0
1584,0.0
1577,0.0
30,0.0
1576,0.0
1600,0.0
36,0.0
44,0.0
1562,0.0
72,0.0
1559,0.0
85,0.0
176,0.0
179,0.0
1627,0.0
1493,0.0
1492,0.0
290,0.0
300,0.0
304,0.0
308,0.0
1976,0.0
1491,0.0
1974,0.0
320,0.0
324,0.0
1895,0.0
337,0.0
1968,0.0
1967,0.0
353,0.0
276,0.0
259,0.0
2003,0.0
1987,0.0
2002,0.0
181,0.0
183,0.0
1499,0.0
188,0.0
1497,0.0
201,0.0
1995,0.0
205,0.0
208,0.0
220,0.0
224,0.0
243,0.0
258,0.0
1621,0.0
1896,0.0
612,0.0
601,0.0
972,0.0
958,0.0
1785,0.0
1217,0.0
1216,0.0
966,0.0
968,0.0
969,0.0
985,0.0
602,0.0
988,0.0
1776,0.0
1775,0.0
1215,0.0
1707,0.0
1772,0.0
991,0.0
1787,0.0
951,0.0
949,0.0
1703,0.0
877,0.0
1241,0.0
884,0.0
1240,0.0
899,0.0
902,0.0
904,0.0
1229,0.0
1223,0.0
1796,0.0
934,0.0
1219,0.0
1793,0.0
1702,0.0
946,0.0
1770,0.0
1206,0.0
1002,0.0
1185,0.0
1744,0.0
1720,0.0
1742,0.0
1103,0.0
1740,0.0
1739,0.0
1106,0.0
1108,0.0
1112,0.0
1122,0.0
1127,0.0
1732,0.0
1175,0.0
1132,0.0
1144,0.0
1100,0.0
1094,0.0
1003,0.0
1079,0.0
1012,0.0
1016,0.0
1711,0.0
1022,0.0
1198,0.0
1713,0.0
1041,0.0
1044,0.0
1196,0.0
1061,0.0
1067,0.0
1753,0.0
1751,0.0
1076,0.0
1186,0.0
869,0.0
1258,0.0
1263,0.0
657,0.0
662,0.0
1355,0.0
1870,0.0
1869,0.0
1868,0.0
1341,0.0
1337,0.0
670,0.0
1672,0.0
683,0.0
697,0.0
1673,0.0
702,0.0
1320,0.0
1857,0.0
659,0.0
1875,0.0
1319,0.0
1877,0.0
604,0.0
1891,0.0
1890,0.0
1889,0.0
1660,0.0
1159,0.0
1886,0.0
1372,0.0
625,0.0
627,0.0
1367,0.0
633,0.0
1364,0.0
647,0.0
1358,0.0
705,0.0
727,0.0
862,0.0
783,0.0
1297,0.0
1829,0.0
1684,0.0
812,0.0
1278,0.0
824,0.0
1688,0.0
1820,0.0
1271,0.0
1818,0.0
844,0.0
852,0.0
856,0.0
861,0.0
1690,0.0
789,0.0
782,0.0
1315,0.0
1306,0.0
733,0.0
1310,0.0
1850,0.0
737,0.0
746,0.0
748,0.0
756,0.0
761,0.0
1843,0.0
773,0.0
1841,0.0
775,0.0
776,0.0
1838,0.0
778,0.0
1819,0.0
